epoch,loss_epoch,loss_step,step
0,,4.726346969604492,49
0,5.5778632164001465,,78
1,,6.463981628417969,99
1,,4.910534381866455,149
1,5.3221821784973145,,157
2,,7.413211822509766,199
2,5.264189720153809,,236
3,,6.109135627746582,249
3,,3.780066728591919,299
3,5.207850456237793,,315
4,,7.058323860168457,349
4,5.1327009201049805,,394
5,,5.548619270324707,399
5,,3.3476357460021973,449
5,5.04724645614624,,473
6,,4.628965854644775,499
6,,6.049862861633301,549
6,4.948780059814453,,552
7,,3.3523011207580566,599
7,4.832952499389648,,631
8,,3.3880465030670166,649
8,,1.565284252166748,699
8,4.705918788909912,,710
9,,2.070521593093872,749
9,4.565413475036621,,789
10,,4.636865139007568,799
10,,5.630385398864746,849
10,4.406078338623047,,868
11,,4.150746822357178,899
11,4.239766597747803,,947
12,,2.49407958984375,949
12,,1.1300816535949707,999
12,4.063831329345703,,1026
13,,3.407397985458374,1049
13,,2.734048843383789,1099
13,3.8862602710723877,,1105
14,,3.358311176300049,1149
14,3.705977439880371,,1184
15,,2.3930819034576416,1199
15,,5.644287109375,1249
15,3.5309898853302,,1263
16,,4.6243791580200195,1299
16,3.3506507873535156,,1342
17,,2.95908522605896,1349
17,,2.747364044189453,1399
17,3.1713643074035645,,1421
18,,3.4370317459106445,1449
18,,2.13582706451416,1499
18,2.9986963272094727,,1500
19,,4.27630615234375,1549
19,2.8285069465637207,,1579
20,,3.0151376724243164,1599
20,,3.1022398471832275,1649
20,3.1578779220581055,,1658
21,,1.902754783630371,1699
21,2.880586624145508,,1737
22,,4.0758056640625,1749
22,,2.100691795349121,1799
22,2.656242609024048,,1816
23,,2.2675259113311768,1849
23,2.4675796031951904,,1895
24,,3.2435314655303955,1899
24,,1.6712119579315186,1949
24,2.3074557781219482,,1974
25,,1.9509401321411133,1999
25,,1.6423041820526123,2049
25,2.1521565914154053,,2053
26,,2.7619869709014893,2099
26,2.0076746940612793,,2132
27,,1.756181240081787,2149
27,,2.1375961303710938,2199
27,1.8945786952972412,,2211
28,,1.613019347190857,2249
28,1.7778171300888062,,2290
29,,2.0708465576171875,2299
29,,1.45383620262146,2349
29,1.6749380826950073,,2369
30,,1.3362442255020142,2399
30,1.5807158946990967,,2448
31,,1.7930511236190796,2449
31,,1.8535112142562866,2499
31,1.491005301475525,,2527
32,,1.6712234020233154,2549
32,,1.5634698867797852,2599
32,1.4087576866149902,,2606
33,,1.4339845180511475,2649
33,1.3312153816223145,,2685
34,,0.8014062643051147,2699
34,,1.4262456893920898,2749
34,1.263010025024414,,2764
35,,1.1513915061950684,2799
35,1.2002516984939575,,2843
36,,0.9766371250152588,2849
36,,1.019179105758667,2899
36,1.1445585489273071,,2922
37,,1.2292110919952393,2949
37,,1.0904098749160767,2999
37,1.0777899026870728,,3001
38,,0.7940035462379456,3049
38,1.0227224826812744,,3080
39,,1.188920259475708,3099
39,,0.5988463759422302,3149
39,0.9777906537055969,,3159
40,,3.4728846549987793,3199
40,2.470059871673584,,3238
41,,1.828776478767395,3249
41,,1.704200267791748,3299
41,1.9856648445129395,,3317
42,,1.8179644346237183,3349
42,1.7400957345962524,,3396
43,,1.5307083129882812,3399
43,,1.6428875923156738,3449
43,1.5748000144958496,,3475
44,,1.7548795938491821,3499
44,,1.1155927181243896,3549
44,1.4493579864501953,,3554
45,,1.0398023128509521,3599
45,1.3591008186340332,,3633
46,,0.9587192535400391,3649
46,,1.0125826597213745,3699
46,1.276979923248291,,3712
47,,0.9871048331260681,3749
47,1.1985282897949219,,3791
48,,1.539524793624878,3799
48,,0.8992157578468323,3849
48,1.1427029371261597,,3870
49,,1.389954686164856,3899
49,,0.6472247838973999,3949
49,1.0831685066223145,,3949
50,,0.9541867971420288,3999
50,1.0354406833648682,,4028
51,,0.9450200796127319,4049
51,,0.7941790819168091,4099
51,0.9862955212593079,,4107
52,,0.8239561319351196,4149
52,0.9412134885787964,,4186
53,,1.0163047313690186,4199
53,,1.2968873977661133,4249
53,0.9044110178947449,,4265
54,,0.7089236974716187,4299
54,0.87117999792099,,4344
55,,1.1658061742782593,4349
55,,0.9890531301498413,4399
55,0.8406075239181519,,4423
56,,0.828101396560669,4449
56,,0.9632700681686401,4499
56,0.8217471837997437,,4502
57,,0.8706815242767334,4549
57,0.777062177658081,,4581
58,,1.0095555782318115,4599
58,,0.9320982098579407,4649
58,0.7674323320388794,,4660
59,,0.6027847528457642,4699
59,0.7405639886856079,,4739
60,,1.9014471769332886,4749
60,,1.6147105693817139,4799
60,1.9130269289016724,,4818
61,,1.5397861003875732,4849
61,1.3832151889801025,,4897
62,,0.9423580765724182,4899
62,,0.9768598675727844,4949
62,1.209139108657837,,4976
63,,0.8200141191482544,4999
63,,0.8178195953369141,5049
63,1.0994980335235596,,5055
64,,0.7019214630126953,5099
64,1.017484188079834,,5134
65,,0.961910605430603,5149
65,,0.8675680160522461,5199
65,0.9628768563270569,,5213
66,,0.8860248327255249,5249
66,0.9072415828704834,,5292
67,,0.9322691559791565,5299
67,,1.0824451446533203,5349
67,0.8684378862380981,,5371
68,,0.6068572402000427,5399
68,,1.028340458869934,5449
68,0.8312908411026001,,5450
69,,0.6168699264526367,5499
69,0.7931547164916992,,5529
70,,0.7622159719467163,5549
70,,0.6579573154449463,5599
70,0.7677505612373352,,5608
71,,0.7717843055725098,5649
71,0.7363120317459106,,5687
72,,0.6696621179580688,5699
72,,0.7293046712875366,5749
72,0.7051030993461609,,5766
73,,0.6601778864860535,5799
73,0.6827389001846313,,5845
74,,0.5024584531784058,5849
74,,0.5762101411819458,5899
74,0.6567403674125671,,5924
75,,0.7127631902694702,5949
75,,0.6947921514511108,5999
75,0.641883373260498,,6003
76,,0.9773551225662231,6049
76,0.617576539516449,,6082
77,,0.3086022138595581,6099
77,,0.6169826984405518,6149
77,0.6015996932983398,,6161
78,,0.46747344732284546,6199
78,0.5899033546447754,,6240
79,,0.5895305275917053,6249
79,,0.6156505346298218,6299
79,0.5766913890838623,,6319
80,,1.4272254705429077,6349
80,1.4998574256896973,,6398
81,,0.8704514503479004,6399
81,,0.7911251783370972,6449
81,1.052642583847046,,6477
82,,0.76637864112854,6499
82,,0.9453696012496948,6549
82,0.9256756901741028,,6556
83,,1.224247694015503,6599
83,0.8507797718048096,,6635
84,,0.70722496509552,6649
84,,1.0388262271881104,6699
84,0.7878049612045288,,6714
85,,1.0162607431411743,6749
85,0.7429999709129333,,6793
86,,0.7074311375617981,6799
86,,0.8968421816825867,6849
86,0.7113524675369263,,6872
87,,0.6078767776489258,6899
87,,0.5478368401527405,6949
87,0.677079439163208,,6951
88,,0.49597254395484924,6999
88,0.6457620859146118,,7030
89,,0.7850669622421265,7049
89,,0.60335373878479,7099
89,0.6279187798500061,,7109
90,,0.6173182129859924,7149
90,0.6084833741188049,,7188
91,,0.523334801197052,7199
91,,0.5010145902633667,7249
91,0.5806996822357178,,7267
92,,0.5824294090270996,7299
92,0.5651106834411621,,7346
93,,0.597733199596405,7349
93,,0.6695069074630737,7399
93,0.5475751161575317,,7425
94,,0.4259653091430664,7449
94,,0.6491419672966003,7499
94,0.5330498814582825,,7504
95,,0.5810116529464722,7549
95,0.5133478045463562,,7583
96,,0.40238529443740845,7599
96,,0.47795990109443665,7649
96,0.500824511051178,,7662
97,,0.4336617887020111,7699
97,0.4864989221096039,,7741
98,,0.4663640260696411,7749
98,,0.3832070231437683,7799
98,0.4804329574108124,,7820
99,,0.39325016736984253,7849
99,,0.598202645778656,7899
99,0.4646822214126587,,7899
100,,0.8403754234313965,7949
100,1.0461621284484863,,7978
101,,0.8102648258209229,7999
101,,0.8910381197929382,8049
101,0.7567015886306763,,8057
102,,0.644546627998352,8099
102,0.6710020303726196,,8136
103,,0.7004826068878174,8149
103,,0.6412191987037659,8199
103,0.6154515147209167,,8215
104,,0.5516833066940308,8249
104,0.5817278027534485,,8294
105,,0.7102183103561401,8299
105,,0.5603351593017578,8349
105,0.5465212464332581,,8373
106,,0.7366997003555298,8399
106,,0.5486538410186768,8449
106,0.5268533229827881,,8452
107,,0.3933318853378296,8499
107,0.5074089169502258,,8531
108,,0.41840213537216187,8549
108,,0.5044044256210327,8599
108,0.4844888150691986,,8610
109,,0.43597739934921265,8649
109,0.4646533727645874,,8689
110,,0.5397623777389526,8699
110,,0.35009169578552246,8749
110,0.4573974013328552,,8768
111,,0.34471213817596436,8799
111,0.438503623008728,,8847
112,,0.5271188616752625,8849
112,,0.5513358116149902,8899
112,0.42652538418769836,,8926
113,,0.3824702799320221,8949
113,,0.5223162770271301,8999
113,0.4157477915287018,,9005
114,,0.35776153206825256,9049
114,0.40618619322776794,,9084
115,,0.38624387979507446,9099
115,,0.5207116603851318,9149
115,0.38912373781204224,,9163
116,,0.30516210198402405,9199
116,0.37892940640449524,,9242
117,,0.27675217390060425,9249
117,,0.3187375068664551,9299
117,0.37301233410835266,,9321
118,,0.2804121971130371,9349
118,,0.47450605034828186,9399
118,0.36291956901550293,,9400
119,,0.2862940728664398,9449
119,0.3592468500137329,,9479
120,,0.809608519077301,9499
120,,0.7008161544799805,9549
120,0.7148680090904236,,9558
121,,0.5163631439208984,9599
121,0.5229876041412354,,9637
122,,0.34362131357192993,9649
122,,0.43327170610427856,9699
122,0.4709779918193817,,9716
123,,0.43251508474349976,9749
123,0.43128472566604614,,9795
124,,0.4318239092826843,9799
124,,0.47945353388786316,9849
124,0.40698450803756714,,9874
125,,0.3510822653770447,9899
125,,0.5307146310806274,9949
125,0.3921518921852112,,9953
126,,0.3164941072463989,9999
126,0.37298473715782166,,10032
127,,0.31986531615257263,10049
127,,0.31770259141921997,10099
127,0.3602399528026581,,10111
128,,0.2881227731704712,10149
128,0.35060572624206543,,10190
129,,0.27143892645835876,10199
129,,0.41137707233428955,10249
129,0.3362312614917755,,10269
130,,0.3216649293899536,10299
130,0.32165977358818054,,10348
131,,0.19686776399612427,10349
131,,0.31336742639541626,10399
131,0.3134777843952179,,10427
132,,0.2319430112838745,10449
132,,0.23703435063362122,10499
132,0.30664902925491333,,10506
133,,0.2928462624549866,10549
133,0.3076782822608948,,10585
134,,0.30771711468696594,10599
134,,0.32555514574050903,10649
134,0.29174524545669556,,10664
135,,0.2131233513355255,10699
135,0.2857690155506134,,10743
136,,0.22794511914253235,10749
136,,0.31281423568725586,10799
136,0.2742742598056793,,10822
137,,0.2698138654232025,10849
137,,0.2980056405067444,10899
137,0.26654747128486633,,10901
138,,0.2713942229747772,10949
138,0.26654618978500366,,10980
139,,0.23648589849472046,10999
139,,0.23384883999824524,11049
139,0.2620426416397095,,11059
140,,0.5201002359390259,11099
140,0.47404980659484863,,11138
141,,0.3272510766983032,11149
141,,0.3039712905883789,11199
141,0.3609418570995331,,11217
142,,0.26810574531555176,11249
142,0.32876133918762207,,11296
143,,0.29576998949050903,11299
143,,0.2601891756057739,11349
143,0.30819979310035706,,11375
144,,0.2626374661922455,11399
144,,0.2265893816947937,11449
144,0.2892441153526306,,11454
145,,0.27255916595458984,11499
145,0.27990809082984924,,11533
146,,0.21528461575508118,11549
146,,0.25700339674949646,11599
146,0.2662029266357422,,11612
147,,0.29621630907058716,11649
147,0.25991204380989075,,11691
148,,0.24411916732788086,11699
148,,0.21886932849884033,11749
148,0.2512788474559784,,11770
149,,0.24194364249706268,11799
149,,0.07534106075763702,11849
149,0.24368244409561157,,11849
150,,0.2437630593776703,11899
150,0.23511770367622375,,11928
151,,0.2118670642375946,11949
151,,0.1908191740512848,11999
151,0.22990866005420685,,12007
152,,0.1852138638496399,12049
152,0.22431261837482452,,12086
153,,0.16133736073970795,12099
153,,0.21045735478401184,12149
153,0.21580559015274048,,12165
154,,0.19390451908111572,12199
154,0.21339771151542664,,12244
155,,0.16609299182891846,12249
155,,0.23103806376457214,12299
155,0.20839062333106995,,12323
156,,0.1939486563205719,12349
156,,0.16812655329704285,12399
156,0.20478202402591705,,12402
157,,0.20420154929161072,12449
157,0.19960947334766388,,12481
158,,0.20313416421413422,12499
158,,0.23459239304065704,12549
158,0.1965339481830597,,12560
159,,0.197397381067276,12599
159,0.19020318984985352,,12639
160,,0.368757963180542,12649
160,,0.40613049268722534,12699
160,0.32581669092178345,,12718
161,,0.3010448217391968,12749
161,0.24826335906982422,,12797
162,,0.1514664888381958,12799
162,,0.23038329184055328,12849
162,0.22833329439163208,,12876
163,,0.2003370225429535,12899
163,,0.2693657875061035,12949
163,0.22031186521053314,,12955
164,,0.19658643007278442,12999
164,0.2088359147310257,,13034
165,,0.2289188951253891,13049
165,,0.2047116756439209,13099
165,0.20086053013801575,,13113
166,,0.20891106128692627,13149
166,0.19314000010490417,,13192
167,,0.17587774991989136,13199
167,,0.20500291883945465,13249
167,0.18927988409996033,,13271
168,,0.18000249564647675,13299
168,,0.17906731367111206,13349
168,0.1841728240251541,,13350
169,,0.21485364437103271,13399
169,0.18111275136470795,,13429
170,,0.1434141993522644,13449
170,,0.19994112849235535,13499
170,0.17347171902656555,,13508
171,,0.15059968829154968,13549
171,0.17165878415107727,,13587
172,,0.1727772057056427,13599
172,,0.17815805971622467,13649
172,0.16693949699401855,,13666
173,,0.17138759791851044,13699
173,0.16535604000091553,,13745
174,,0.15511468052864075,13749
174,,0.12057044357061386,13799
174,0.16167700290679932,,13824
175,,0.14579959213733673,13849
175,,0.1342202126979828,13899
175,0.15981514751911163,,13903
176,,0.20387548208236694,13949
176,0.15472161769866943,,13982
177,,0.1303536295890808,13999
177,,0.2302747666835785,14049
177,0.1534980982542038,,14061
178,,0.15504847466945648,14099
178,0.15036335587501526,,14140
179,,0.12056632339954376,14149
179,,0.1783469021320343,14199
179,0.1474943906068802,,14219
180,,0.2769979238510132,14249
180,0.24367216229438782,,14298
181,,0.15493758022785187,14299
181,,0.13202059268951416,14349
181,0.1949259489774704,,14377
182,,0.1767875850200653,14399
182,,0.2877822518348694,14449
182,0.18604165315628052,,14456
183,,0.12821809947490692,14499
183,0.17252850532531738,,14535
184,,0.1533258557319641,14549
184,,0.14286181330680847,14599
184,0.16487868130207062,,14614
185,,0.15274497866630554,14649
185,0.15774163603782654,,14693
186,,0.10761679708957672,14699
186,,0.15346866846084595,14749
186,0.1565154492855072,,14772
187,,0.14386078715324402,14799
187,,0.14098645746707916,14849
187,0.14910420775413513,,14851
188,,0.13816383481025696,14899
188,0.1460040658712387,,14930
189,,0.15035870671272278,14949
189,,0.1411011815071106,14999
189,0.14228308200836182,,15009
190,,0.14848428964614868,15049
190,0.13959236443042755,,15088
191,,0.12288995832204819,15099
191,,0.09232845157384872,15149
191,0.13551193475723267,,15167
192,,0.1364087164402008,15199
192,0.1328122615814209,,15246
193,,0.0997573733329773,15249
193,,0.12524203956127167,15299
193,0.13142220675945282,,15325
194,,0.1308026760816574,15349
194,,0.09768171608448029,15399
194,0.12960220873355865,,15404
195,,0.14033465087413788,15449
195,0.1303834617137909,,15483
196,,0.11422805488109589,15499
196,,0.1603507250547409,15549
196,0.12351666390895844,,15562
197,,0.10069328546524048,15599
197,0.12069937586784363,,15641
198,,0.13226661086082458,15649
198,,0.15236133337020874,15699
198,0.1186487153172493,,15720
199,,0.08114777505397797,15749
199,,0.06154637783765793,15799
199,0.12275362759828568,,15799
200,,0.17297834157943726,15849
200,0.18703989684581757,,15878
201,,0.13113124668598175,15899
201,,0.1389016956090927,15949
201,0.15558971464633942,,15957
202,,0.20245474576950073,15999
202,0.14497095346450806,,16036
203,,0.13304880261421204,16049
203,,0.11660421639680862,16099
203,0.1350061297416687,,16115
204,,0.12067291140556335,16149
204,0.1287970095872879,,16194
205,,0.13102313876152039,16199
205,,0.10788602381944656,16249
205,0.12421818822622299,,16273
206,,0.12353675067424774,16299
206,,0.10571617633104324,16349
206,0.12170068174600601,,16352
207,,0.11401733756065369,16399
207,0.11923902481794357,,16431
208,,0.0661468356847763,16449
208,,0.1450600028038025,16499
208,0.11592002213001251,,16510
209,,0.11638282239437103,16549
209,0.11618279665708542,,16589
210,,0.12817126512527466,16599
210,,0.12871527671813965,16649
210,0.11138340085744858,,16668
211,,0.13231651484966278,16699
211,0.10811033844947815,,16747
212,,0.12265518307685852,16749
212,,0.14146602153778076,16799
212,0.11072022467851639,,16826
213,,0.10606574267148972,16849
213,,0.10448656976222992,16899
213,0.10420433431863785,,16905
214,,0.10619808733463287,16949
214,0.10401767492294312,,16984
215,,0.09924584627151489,16999
215,,0.13343989849090576,17049
215,0.10524196922779083,,17063
216,,0.09653449058532715,17099
216,0.0976170226931572,,17142
217,,0.1045709177851677,17149
217,,0.08365444093942642,17199
217,0.09583496302366257,,17221
218,,0.11099115014076233,17249
218,,0.1281898021697998,17299
218,0.09520211815834045,,17300
219,,0.09002717584371567,17349
219,0.09346561878919601,,17379
220,,0.19670972228050232,17399
220,,0.15033280849456787,17449
220,0.15817919373512268,,17458
221,,0.1401629000902176,17499
221,0.13253241777420044,,17537
222,,0.11358606815338135,17549
222,,0.13649648427963257,17599
222,0.12279888987541199,,17616
223,,0.13653019070625305,17649
223,0.11747996509075165,,17695
224,,0.09527397900819778,17699
224,,0.14949877560138702,17749
224,0.1093306615948677,,17774
225,,0.0915956199169159,17799
225,,0.08584888279438019,17849
225,0.10691291838884354,,17853
226,,0.10479092597961426,17899
226,0.105835922062397,,17932
227,,0.08257947862148285,17949
227,,0.11895588040351868,17999
227,0.10325737297534943,,18011
228,,0.11936094611883163,18049
228,0.09939566999673843,,18090
229,,0.0965476930141449,18099
229,,0.10179504752159119,18149
229,0.09661410748958588,,18169
230,,0.13443352282047272,18199
230,0.09475277364253998,,18248
231,,0.09583567827939987,18249
231,,0.09497436881065369,18299
231,0.09413819015026093,,18327
232,,0.11024954915046692,18349
232,,0.08005063980817795,18399
232,0.09115274995565414,,18406
233,,0.07961851358413696,18449
233,0.08800506591796875,,18485
234,,0.08440053462982178,18499
234,,0.10660457611083984,18549
234,0.0880436971783638,,18564
235,,0.10613442957401276,18599
235,0.08652634918689728,,18643
236,,0.05724817514419556,18649
236,,0.0750586986541748,18699
236,0.0863795056939125,,18722
237,,0.08261800557374954,18749
237,,0.07467828691005707,18799
237,0.08370426297187805,,18801
238,,0.07526412606239319,18849
238,0.08322571218013763,,18880
239,,0.10675115883350372,18899
239,,0.11601148545742035,18949
239,0.08183722198009491,,18959
240,,0.1423351764678955,18999
240,0.133162260055542,,19038
241,,0.10594265162944794,19049
241,,0.09199412167072296,19099
241,0.10986211150884628,,19117
242,,0.07646762579679489,19149
242,0.10546532273292542,,19196
243,,0.07295437157154083,19199
243,,0.09551184624433517,19249
243,0.09672807157039642,,19275
244,,0.07959484308958054,19299
244,,0.08404281735420227,19349
244,0.09055562317371368,,19354
245,,0.07597015798091888,19399
245,0.08936193585395813,,19433
246,,0.08228065818548203,19449
246,,0.09357599914073944,19499
246,0.08740849047899246,,19512
247,,0.07602854818105698,19549
247,0.0860014483332634,,19591
248,,0.084625244140625,19599
248,,0.04887087643146515,19649
248,0.08166965842247009,,19670
249,,0.08788052201271057,19699
249,,0.09127992391586304,19749
249,0.08484542369842529,,19749
250,,0.07448752224445343,19799
250,0.07951292395591736,,19828
251,,0.07350131869316101,19849
251,,0.08251523971557617,19899
251,0.08043137937784195,,19907
252,,0.0851525217294693,19949
252,0.07516191154718399,,19986
253,,0.08350072801113129,19999
253,,0.08396024256944656,20049
253,0.07784759998321533,,20065
254,,0.0752374678850174,20099
254,0.07360076159238815,,20144
255,,0.06743718683719635,20149
255,,0.08270388841629028,20199
255,0.075851671397686,,20223
256,,0.09394636750221252,20249
256,,0.07694226503372192,20299
256,0.07352381944656372,,20302
257,,0.06731081753969193,20349
257,0.0693613737821579,,20381
258,,0.057735640555620193,20399
258,,0.09168780595064163,20449
258,0.06857159733772278,,20460
259,,0.0542413592338562,20499
259,0.06931184977293015,,20539
260,,0.10627361387014389,20549
260,,0.12701156735420227,20599
260,0.11529974639415741,,20618
261,,0.07207547873258591,20649
261,0.0998530387878418,,20697
262,,0.07291417568922043,20699
262,,0.09757741540670395,20749
262,0.09056837111711502,,20776
263,,0.07959344238042831,20799
263,,0.08639265596866608,20849
263,0.08629699796438217,,20855
264,,0.0793989822268486,20899
264,0.08301647007465363,,20934
265,,0.0766192227602005,20949
265,,0.10606559365987778,20999
265,0.0795438289642334,,21013
266,,0.05326457694172859,21049
266,0.0754149854183197,,21092
267,,0.058884672820568085,21099
267,,0.0663912445306778,21149
267,0.0742267370223999,,21171
268,,0.058914802968502045,21199
268,,0.07471248507499695,21249
268,0.07267274707555771,,21250
269,,0.07641345262527466,21299
269,0.07135342061519623,,21329
270,,0.0796981155872345,21349
270,,0.07299788296222687,21399
270,0.07154620438814163,,21408
271,,0.0670066848397255,21449
271,0.06755790114402771,,21487
272,,0.07583288848400116,21499
272,,0.07309748232364655,21549
272,0.06806211173534393,,21566
273,,0.0651998296380043,21599
273,0.06875814497470856,,21645
274,,0.047947607934474945,21649
274,,0.06185215711593628,21699
274,0.06464376300573349,,21724
275,,0.06511028110980988,21749
275,,0.06493161618709564,21799
275,0.06664520502090454,,21803
276,,0.051516782492399216,21849
276,0.0649431124329567,,21882
277,,0.05387464165687561,21899
277,,0.06880228966474533,21949
277,0.06397081166505814,,21961
278,,0.05948829650878906,21999
278,0.06293966621160507,,22040
279,,0.05887746065855026,22049
279,,0.08084894716739655,22099
279,0.06269694119691849,,22119
280,,0.08379797637462616,22149
280,0.10743805021047592,,22198
281,,0.08458513021469116,22199
281,,0.08594002574682236,22249
281,0.09078884869813919,,22277
282,,0.0824580192565918,22299
282,,0.07886504381895065,22349
282,0.07993506640195847,,22356
283,,0.09979312121868134,22399
283,0.07905598729848862,,22435
284,,0.06533733755350113,22449
284,,0.07054130733013153,22499
284,0.07280044257640839,,22514
285,,0.08809784799814224,22549
285,0.07331658899784088,,22593
286,,0.05462422966957092,22599
286,,0.051282621920108795,22649
286,0.06997402012348175,,22672
287,,0.044480424374341965,22699
287,,0.07823672890663147,22749
287,0.06961984932422638,,22751
288,,0.0687844306230545,22799
288,0.06696715950965881,,22830
289,,0.06284196674823761,22849
289,,0.05875410884618759,22899
289,0.06697076559066772,,22909
290,,0.05519767850637436,22949
290,0.06413235515356064,,22988
291,,0.07457919418811798,22999
291,,0.06319661438465118,23049
291,0.06184009835124016,,23067
292,,0.07352878898382187,23099
292,0.06309926509857178,,23146
293,,0.04817957431077957,23149
293,,0.07570573687553406,23199
293,0.06325310468673706,,23225
294,,0.05219138413667679,23249
294,,0.061074309051036835,23299
294,0.06015467643737793,,23304
295,,0.0536361001431942,23349
295,0.06283940374851227,,23383
296,,0.06500618904829025,23399
296,,0.08179329335689545,23449
296,0.06367571651935577,,23462
297,,0.061825793236494064,23499
297,0.05899808183312416,,23541
298,,0.05188221484422684,23549
298,,0.06165924295783043,23599
298,0.057850517332553864,,23620
299,,0.07945627719163895,23649
299,,0.11133428663015366,23699
299,0.06020718440413475,,23699
300,,0.12296200543642044,23749
300,0.09652279317378998,,23778
301,,0.08650778234004974,23799
301,,0.10303081572055817,23849
301,0.08290035277605057,,23857
302,,0.05970031023025513,23899
302,0.07685484737157822,,23936
303,,0.07599753886461258,23949
303,,0.06952009350061417,23999
303,0.0737214982509613,,24015
304,,0.05371594801545143,24049
304,0.06706033647060394,,24094
305,,0.06870412826538086,24099
305,,0.06000657379627228,24149
305,0.06688828766345978,,24173
306,,0.06751630455255508,24199
306,,0.06257861852645874,24249
306,0.06373697519302368,,24252
307,,0.05615203082561493,24299
307,0.06259150058031082,,24331
308,,0.07160913944244385,24349
308,,0.056642644107341766,24399
308,0.06160934269428253,,24410
309,,0.07502111792564392,24449
309,0.06450562179088593,,24489
310,,0.05403130501508713,24499
310,,0.057637669146060944,24549
310,0.060237910598516464,,24568
311,,0.053171608597040176,24599
311,0.05762798339128494,,24647
312,,0.04978794977068901,24649
312,,0.06753478199243546,24699
312,0.057105932384729385,,24726
313,,0.05196135491132736,24749
313,,0.06562687456607819,24799
313,0.05678389221429825,,24805
314,,0.05984295532107353,24849
314,0.055428773164749146,,24884
315,,0.07403500378131866,24899
315,,0.05594576150178909,24949
315,0.05842995643615723,,24963
316,,0.05211746692657471,24999
316,0.054072894155979156,,25042
317,,0.042665231972932816,25049
317,,0.05067664384841919,25099
317,0.053182512521743774,,25121
318,,0.05073218792676926,25149
318,,0.05981896072626114,25199
318,0.05185358226299286,,25200
319,,0.05218973755836487,25249
319,0.05487818643450737,,25279
320,,0.08393404632806778,25299
320,,0.09158734232187271,25349
320,0.08844339847564697,,25358
321,,0.061795253306627274,25399
321,0.0786038190126419,,25437
322,,0.06714905053377151,25449
322,,0.07773744314908981,25499
322,0.07184125483036041,,25516
323,,0.05413033813238144,25549
323,0.06881316006183624,,25595
324,,0.04657551646232605,25599
324,,0.05556590482592583,25649
324,0.06462526321411133,,25674
325,,0.07890349626541138,25699
325,,0.06936421990394592,25749
325,0.059745099395513535,,25753
326,,0.07527123391628265,25799
326,0.059511832892894745,,25832
327,,0.05384431779384613,25849
327,,0.07169719785451889,25899
327,0.058760639280080795,,25911
328,,0.06471125036478043,25949
328,0.05621710792183876,,25990
329,,0.04619485139846802,25999
329,,0.059364933520555496,26049
329,0.05602278560400009,,26069
330,,0.04888167977333069,26099
330,0.0563790462911129,,26148
331,,0.04137229174375534,26149
331,,0.05739607661962509,26199
331,0.05382325500249863,,26227
332,,0.05042243003845215,26249
332,,0.04896374046802521,26299
332,0.053540922701358795,,26306
333,,0.044303975999355316,26349
333,0.0525430291891098,,26385
334,,0.05644380301237106,26399
334,,0.04838167876005173,26449
334,0.05172955244779587,,26464
335,,0.05307438597083092,26499
335,0.05044429376721382,,26543
336,,0.049204207956790924,26549
336,,0.06440190970897675,26599
336,0.05075995624065399,,26622
337,,0.04927012696862221,26649
337,,0.039782311767339706,26699
337,0.051710374653339386,,26701
338,,0.04753218591213226,26749
338,0.05028534680604935,,26780
339,,0.06280216574668884,26799
339,,0.05018273741006851,26849
339,0.048562925308942795,,26859
340,,0.082887202501297,26899
340,0.08520712703466415,,26938
341,,0.0805397480726242,26949
341,,0.08731053024530411,26999
341,0.07265865802764893,,27017
342,,0.058114998042583466,27049
342,0.06607411056756973,,27096
343,,0.0654798150062561,27099
343,,0.06286375224590302,27149
343,0.0616598017513752,,27175
344,,0.0533987320959568,27199
344,,0.0610545389354229,27249
344,0.06284990906715393,,27254
345,,0.05207575112581253,27299
345,0.061047691851854324,,27333
346,,0.04443657398223877,27349
346,,0.062271859496831894,27399
346,0.05675452947616577,,27412
347,,0.05674218386411667,27449
347,0.05728810280561447,,27491
348,,0.05028488487005234,27499
348,,0.061366304755210876,27549
348,0.05402675271034241,,27570
349,,0.05046354979276657,27599
349,,0.07678507268428802,27649
349,0.053899332880973816,,27649
350,,0.04803929477930069,27699
350,0.05407264828681946,,27728
351,,0.06353960931301117,27749
351,,0.0660618469119072,27799
351,0.052576445043087006,,27807
352,,0.050280019640922546,27849
352,0.05210200324654579,,27886
353,,0.058800678700208664,27899
353,,0.07931801676750183,27949
353,0.053562410175800323,,27965
354,,0.048179879784584045,27999
354,0.050419773906469345,,28044
355,,0.05528530478477478,28049
355,,0.058089956641197205,28099
355,0.0496215745806694,,28123
356,,0.03766098618507385,28149
356,,0.0689292773604393,28199
356,0.04932425171136856,,28202
357,,0.061909019947052,28249
357,0.048423610627651215,,28281
358,,0.04955923557281494,28299
358,,0.0618322528898716,28349
358,0.05188147723674774,,28360
359,,0.04674810171127319,28399
359,0.048438478261232376,,28439
360,,0.07688196003437042,28449
360,,0.08583615720272064,28499
360,0.08437207341194153,,28518
361,,0.07934767752885818,28549
361,0.07192844897508621,,28597
362,,0.06497736275196075,28599
362,,0.061206281185150146,28649
362,0.06511805206537247,,28676
363,,0.06406305730342865,28699
363,,0.05776357278227806,28749
363,0.060062482953071594,,28755
364,,0.050145771354436874,28799
364,0.05756211653351784,,28834
365,,0.06207587197422981,28849
365,,0.07256758958101273,28899
365,0.055095989257097244,,28913
366,,0.041475001722574234,28949
366,0.05450432002544403,,28992
367,,0.051824405789375305,28999
367,,0.048840783536434174,29049
367,0.05347668379545212,,29071
368,,0.05866388976573944,29099
368,,0.05615012347698212,29149
368,0.054701898247003555,,29150
369,,0.051235735416412354,29199
369,0.04946295544505119,,29229
370,,0.049282073974609375,29249
370,,0.04454541951417923,29299
370,0.04927179589867592,,29308
371,,0.04358651489019394,29349
371,0.04881124570965767,,29387
372,,0.04312850534915924,29399
372,,0.049669571220874786,29449
372,0.04807672277092934,,29466
373,,0.03178710490465164,29499
373,0.047788746654987335,,29545
374,,0.04840579628944397,29549
374,,0.054745063185691833,29599
374,0.04748542979359627,,29624
375,,0.03888788819313049,29649
375,,0.047444023191928864,29699
375,0.04698685184121132,,29703
376,,0.03109993040561676,29749
376,0.04456167295575142,,29782
377,,0.03484051302075386,29799
377,,0.05712363123893738,29849
377,0.04626975953578949,,29861
378,,0.06108631193637848,29899
378,0.04584483429789543,,29940
379,,0.04716506600379944,29949
379,,0.04290897399187088,29999
379,0.04352598264813423,,30019
380,,0.12748923897743225,30049
380,0.07845860719680786,,30098
381,,0.058208104223012924,30099
381,,0.0622386559844017,30149
381,0.0643748864531517,,30177
382,,0.053932320326566696,30199
382,,0.04562974348664284,30249
382,0.05902159586548805,,30256
383,,0.0645594522356987,30299
383,0.05598406866192818,,30335
384,,0.05568930506706238,30349
384,,0.058058567345142365,30399
384,0.05445631220936775,,30414
385,,0.040396928787231445,30449
385,0.05293668806552887,,30493
386,,0.03604859858751297,30499
386,,0.046177130192518234,30549
386,0.04905250668525696,,30572
387,,0.05766068771481514,30599
387,,0.053755588829517365,30649
387,0.051578979939222336,,30651
388,,0.043952494859695435,30699
388,0.049375180155038834,,30730
389,,0.05503372848033905,30749
389,,0.04805932939052582,30799
389,0.04762966185808182,,30809
390,,0.04455896466970444,30849
390,0.04814828559756279,,30888
391,,0.05450362712144852,30899
391,,0.04622368514537811,30949
391,0.046200528740882874,,30967
392,,0.04356963187456131,30999
392,0.04842822626233101,,31046
393,,0.053551897406578064,31049
393,,0.04528452083468437,31099
393,0.0468275249004364,,31125
394,,0.041472651064395905,31149
394,,0.05168857425451279,31199
394,0.04364164546132088,,31204
395,,0.03747475519776344,31249
395,0.04211542010307312,,31283
396,,0.04827935993671417,31299
396,,0.038317956030368805,31349
396,0.0431060865521431,,31362
397,,0.040450334548950195,31399
397,0.04198446124792099,,31441
398,,0.04607805609703064,31449
398,,0.04681985825300217,31499
398,0.042853944003582,,31520
399,,0.032935455441474915,31549
399,,0.0360647588968277,31599
399,0.04254743084311485,,31599
400,,0.08704205602407455,31649
400,0.07763144373893738,,31678
401,,0.0473940372467041,31699
401,,0.06250949949026108,31749
401,0.06409922987222672,,31757
402,,0.05666155368089676,31799
402,0.05811723694205284,,31836
403,,0.046700023114681244,31849
403,,0.06748391687870026,31899
403,0.052659302949905396,,31915
404,,0.06773483753204346,31949
404,0.050226226449012756,,31994
405,,0.04993782192468643,31999
405,,0.050584107637405396,32049
405,0.05130648985505104,,32073
406,,0.03718943893909454,32099
406,,0.05356977880001068,32149
406,0.04969251528382301,,32152
407,,0.04322044178843498,32199
407,0.046859949827194214,,32231
408,,0.03684944659471512,32249
408,,0.054765716195106506,32299
408,0.04593966528773308,,32310
409,,0.04333312809467316,32349
409,0.04645106941461563,,32389
410,,0.039885565638542175,32399
410,,0.052718281745910645,32449
410,0.0456937812268734,,32468
411,,0.04174085333943367,32499
411,0.044380754232406616,,32547
412,,0.031070400029420853,32549
412,,0.0389406718313694,32599
412,0.04297275096178055,,32626
413,,0.03583965077996254,32649
413,,0.04519009217619896,32699
413,0.04205448180437088,,32705
414,,0.04486766457557678,32749
414,0.042681559920310974,,32784
415,,0.038593411445617676,32799
415,,0.040205590426921844,32849
415,0.04376698285341263,,32863
416,,0.036550313234329224,32899
416,0.041167113929986954,,32942
417,,0.04966075345873833,32949
417,,0.038396090269088745,32999
417,0.041459642350673676,,33021
418,,0.03487758710980415,33049
418,,0.0497429259121418,33099
418,0.040007930248975754,,33100
419,,0.05553755536675453,33149
419,0.040073003619909286,,33179
420,,0.06655813753604889,33199
420,,0.062283530831336975,33249
420,0.07100804150104523,,33258
421,,0.05659577250480652,33299
421,0.06271626055240631,,33337
422,,0.05817854031920433,33349
422,,0.05576367676258087,33399
422,0.05505703017115593,,33416
423,,0.05268634110689163,33449
423,0.05183318629860878,,33495
424,,0.052574798464775085,33499
424,,0.0495922714471817,33549
424,0.049277905374765396,,33574
425,,0.05170990154147148,33599
425,,0.0495549812912941,33649
425,0.046126384288072586,,33653
426,,0.029094580560922623,33699
426,0.04347275197505951,,33732
427,,0.04539468139410019,33749
427,,0.05116342008113861,33799
427,0.044610586017370224,,33811
428,,0.057443831115961075,33849
428,0.0454154834151268,,33890
429,,0.03717542439699173,33899
429,,0.04502115398645401,33949
429,0.04246911779046059,,33969
430,,0.03861234337091446,33999
430,0.0446205735206604,,34048
431,,0.04780510812997818,34049
431,,0.0377161018550396,34099
431,0.04175291210412979,,34127
432,,0.03799428418278694,34149
432,,0.043476905673742294,34199
432,0.039468586444854736,,34206
433,,0.04153953865170479,34249
433,0.04084169492125511,,34285
434,,0.038569264113903046,34299
434,,0.04438371956348419,34349
434,0.03909488767385483,,34364
435,,0.03364346921443939,34399
435,0.040499087423086166,,34443
436,,0.04542895406484604,34449
436,,0.048507221043109894,34499
436,0.03986285999417305,,34522
437,,0.041132379323244095,34549
437,,0.04456096142530441,34599
437,0.039198704063892365,,34601
438,,0.034938037395477295,34649
438,0.03787878528237343,,34680
439,,0.035871077328920364,34699
439,,0.03643162548542023,34749
439,0.038150444626808167,,34759
440,,0.09078221768140793,34799
440,0.07582389563322067,,34838
441,,0.07661600410938263,34849
441,,0.06675838679075241,34899
441,0.06275013089179993,,34917
442,,0.04953998327255249,34949
442,0.05440516397356987,,34996
443,,0.06154215708374977,34999
443,,0.05873943120241165,35049
443,0.051911357790231705,,35075
444,,0.03652957081794739,35099
444,,0.05209692195057869,35149
444,0.04962042346596718,,35154
445,,0.045048460364341736,35199
445,0.04898914322257042,,35233
446,,0.04854506254196167,35249
446,,0.0516306571662426,35299
446,0.045807331800460815,,35312
447,,0.04789973050355911,35349
447,0.04637335240840912,,35391
448,,0.03689729422330856,35399
448,,0.04643876850605011,35449
448,0.042907871305942535,,35470
449,,0.04313286021351814,35499
449,,0.03636092692613602,35549
449,0.04197871685028076,,35549
450,,0.03657328337430954,35599
450,0.043323855847120285,,35628
451,,0.03998851776123047,35649
451,,0.03872329741716385,35699
451,0.042308855801820755,,35707
452,,0.05027509480714798,35749
452,0.041578855365514755,,35786
453,,0.04275156557559967,35799
453,,0.037906356155872345,35849
453,0.04016009718179703,,35865
454,,0.0439109206199646,35899
454,0.04344574734568596,,35944
455,,0.03679452836513519,35949
455,,0.030956944450736046,35999
455,0.03894438222050667,,36023
456,,0.033068638294935226,36049
456,,0.04109124839305878,36099
456,0.03999827057123184,,36102
457,,0.04903881251811981,36149
457,0.03891013190150261,,36181
458,,0.037685759365558624,36199
458,,0.04614223539829254,36249
458,0.03934099152684212,,36260
459,,0.04746120423078537,36299
459,0.04101613909006119,,36339
460,,0.08811378479003906,36349
460,,0.07162323594093323,36399
460,0.07558131963014603,,36418
461,,0.07661154121160507,36449
461,0.06417243182659149,,36497
462,,0.042412593960762024,36499
462,,0.05415310338139534,36549
462,0.05335661768913269,,36576
463,,0.05823666602373123,36599
463,,0.06823786348104477,36649
463,0.05192149803042412,,36655
464,,0.039794743061065674,36699
464,0.049038056284189224,,36734
465,,0.044543005526065826,36749
465,,0.04418684542179108,36799
465,0.047227390110492706,,36813
466,,0.03766541928052902,36849
466,0.04547710716724396,,36892
467,,0.042768724262714386,36899
467,,0.04131527990102768,36949
467,0.04318605363368988,,36971
468,,0.04184867441654205,36999
468,,0.05066433176398277,37049
468,0.044749513268470764,,37050
469,,0.04362520948052406,37099
469,0.04574686288833618,,37129
470,,0.03338773921132088,37149
470,,0.04070001468062401,37199
470,0.04051690921187401,,37208
471,,0.0305691659450531,37249
471,0.040992528200149536,,37287
472,,0.04566304758191109,37299
472,,0.0454774871468544,37349
472,0.043022770434617996,,37366
473,,0.04270913451910019,37399
473,0.04014446958899498,,37445
474,,0.03836432099342346,37449
474,,0.043694693595170975,37499
474,0.041612256318330765,,37524
475,,0.03342471271753311,37549
475,,0.035320181399583817,37599
475,0.039726193994283676,,37603
476,,0.03493613749742508,37649
476,0.039504338055849075,,37682
477,,0.039101582020521164,37699
477,,0.03789008408784866,37749
477,0.03846384957432747,,37761
478,,0.0364825464785099,37799
478,0.040241751819849014,,37840
479,,0.03956585377454758,37849
479,,0.03489547222852707,37899
479,0.03826611489057541,,37919
480,,0.06241518259048462,37949
480,0.07665034383535385,,37998
481,,0.05520270764827728,37999
481,,0.061596646904945374,38049
481,0.061643052846193314,,38077
482,,0.05861161649227142,38099
482,,0.043365079909563065,38149
482,0.056934989988803864,,38156
483,,0.05112835019826889,38199
483,0.05455828085541725,,38235
484,,0.03765788674354553,38249
484,,0.057577889412641525,38299
484,0.04953348636627197,,38314
485,,0.04359082877635956,38349
485,0.050294239073991776,,38393
486,,0.05359882116317749,38399
486,,0.04423415660858154,38449
486,0.045684441924095154,,38472
487,,0.030049029737710953,38499
487,,0.043947041034698486,38549
487,0.04459318891167641,,38551
488,,0.040407150983810425,38599
488,0.04490124061703682,,38630
489,,0.048528607934713364,38649
489,,0.037193164229393005,38699
489,0.043214283883571625,,38709
490,,0.045959409326314926,38749
490,0.04353548213839531,,38788
491,,0.03736606240272522,38799
491,,0.04506513103842735,38849
491,0.041653823107481,,38867
492,,0.0332164540886879,38899
492,0.04158087074756622,,38946
493,,0.032340552657842636,38949
493,,0.04246789216995239,38999
493,0.038383953273296356,,39025
494,,0.033817946910858154,39049
494,,0.04544094204902649,39099
494,0.04092840105295181,,39104
495,,0.037824004888534546,39149
495,0.04002925008535385,,39183
496,,0.032221872359514236,39199
496,,0.0462154746055603,39249
496,0.03868785873055458,,39262
497,,0.036924298852682114,39299
497,0.03978820890188217,,39341
498,,0.04578627645969391,39349
498,,0.03624869883060455,39399
498,0.03763392195105553,,39420
499,,0.029130008071660995,39449
499,,0.015601049177348614,39499
499,0.036448441445827484,,39499
500,,0.05862755328416824,39549
500,0.07094764709472656,,39578
501,,0.0652480348944664,39599
501,,0.05811797454953194,39649
501,0.06056603416800499,,39657
502,,0.04376356303691864,39699
502,0.051504284143447876,,39736
503,,0.033165983855724335,39749
503,,0.054844144731760025,39799
503,0.05047895386815071,,39815
504,,0.0590813010931015,39849
504,0.049637340009212494,,39894
505,,0.051681697368621826,39899
505,,0.04215767979621887,39949
505,0.04634491726756096,,39973
506,,0.042702268809080124,39999
506,,0.04876410961151123,40049
506,0.04396190494298935,,40052
507,,0.030970998108386993,40099
507,0.04429468885064125,,40131
508,,0.035287849605083466,40149
508,,0.03427303209900856,40199
508,0.04205336794257164,,40210
509,,0.03575250506401062,40249
509,0.04188499599695206,,40289
510,,0.03316225856542587,40299
510,,0.04200761020183563,40349
510,0.04058748856186867,,40368
511,,0.04137790575623512,40399
511,0.03997593745589256,,40447
512,,0.03138882666826248,40449
512,,0.034500595182180405,40499
512,0.03858330100774765,,40526
513,,0.04330659285187721,40549
513,,0.04107161611318588,40599
513,0.04024709016084671,,40605
514,,0.0416463166475296,40649
514,0.03715856000781059,,40684
515,,0.04287004470825195,40699
515,,0.051321111619472504,40749
515,0.04121150076389313,,40763
516,,0.03199496492743492,40799
516,0.0366109237074852,,40842
517,,0.04773217439651489,40849
517,,0.041648317128419876,40899
517,0.03753041848540306,,40921
518,,0.028976337984204292,40949
518,,0.049320343881845474,40999
518,0.038258496671915054,,41000
519,,0.04337552562355995,41049
519,0.037532903254032135,,41079
520,,0.08625120669603348,41099
520,,0.08757829666137695,41149
520,0.07662543654441833,,41158
521,,0.06623883545398712,41199
521,0.06372962892055511,,41237
522,,0.04880211502313614,41249
522,,0.05450601875782013,41299
522,0.0546562634408474,,41316
523,,0.037812553346157074,41349
523,0.05170285701751709,,41395
524,,0.04552549496293068,41399
524,,0.03943334519863129,41449
524,0.04939194768667221,,41474
525,,0.037801582366228104,41499
525,,0.04921996593475342,41549
525,0.046518586575984955,,41553
526,,0.04676464572548866,41599
526,0.04434005171060562,,41632
527,,0.04724878817796707,41649
527,,0.04870609939098358,41699
527,0.04340347275137901,,41711
528,,0.045519813895225525,41749
528,0.04494597017765045,,41790
529,,0.06916959583759308,41799
529,,0.04957060515880585,41849
529,0.04414035752415657,,41869
530,,0.04441940411925316,41899
530,0.043064236640930176,,41948
531,,0.03084344044327736,41949
531,,0.04394680634140968,41999
531,0.04041604325175285,,42027
532,,0.03964830935001373,42049
532,,0.03860842064023018,42099
532,0.040708646178245544,,42106
533,,0.032618701457977295,42149
533,0.04215338081121445,,42185
534,,0.03491875156760216,42199
534,,0.03471028432250023,42249
534,0.03954485058784485,,42264
535,,0.029206279665231705,42299
535,0.03837394714355469,,42343
536,,0.04039525240659714,42349
536,,0.0330294668674469,42399
536,0.03985893726348877,,42422
537,,0.04763481393456459,42449
537,,0.030638031661510468,42499
537,0.03878484293818474,,42501
538,,0.029311832040548325,42549
538,0.03591334819793701,,42580
539,,0.04358905181288719,42599
539,,0.044507838785648346,42649
539,0.037580497562885284,,42659
540,,0.05283093452453613,42699
540,0.07524140179157257,,42738
541,,0.06799878180027008,42749
541,,0.05576615780591965,42799
541,0.06413746625185013,,42817
542,,0.05034000426530838,42849
542,0.056190796196460724,,42896
543,,0.05294300615787506,42899
543,,0.0517607182264328,42949
543,0.053616881370544434,,42975
544,,0.03968718647956848,42999
544,,0.05155550315976143,43049
544,0.05080656707286835,,43054
545,,0.04859953373670578,43099
545,0.04553397372364998,,43133
546,,0.029198769479990005,43149
546,,0.0492754690349102,43199
546,0.04327484220266342,,43212
547,,0.04894360899925232,43249
547,0.04207829758524895,,43291
548,,0.05385107547044754,43299
548,,0.058240585029125214,43349
548,0.041746482253074646,,43370
549,,0.03841236233711243,43399
549,,0.02356063760817051,43449
549,0.04382343590259552,,43449
550,,0.04089906066656113,43499
550,0.0404399037361145,,43528
551,,0.0311305969953537,43549
551,,0.03927808627486229,43599
551,0.04119940102100372,,43607
552,,0.03564126789569855,43649
552,0.03903277590870857,,43686
553,,0.03537220135331154,43699
553,,0.03669408708810806,43749
553,0.04271642118692398,,43765
554,,0.04550642892718315,43799
554,0.03904484957456589,,43844
555,,0.0414452850818634,43849
555,,0.05078928917646408,43899
555,0.0378531813621521,,43923
556,,0.0372675359249115,43949
556,,0.047592706978321075,43999
556,0.03748941421508789,,44002
557,,0.03729885816574097,44049
557,0.037126798182725906,,44081
558,,0.03837384283542633,44099
558,,0.0346456840634346,44149
558,0.036636531352996826,,44160
559,,0.03750017285346985,44199
559,0.036632128059864044,,44239
560,,0.09129185229539871,44249
560,,0.0674852505326271,44299
560,0.07509776204824448,,44318
561,,0.07520566880702972,44349
561,0.06220349669456482,,44397
562,,0.06284544616937637,44399
562,,0.0543031319975853,44449
562,0.05394100770354271,,44476
563,,0.04212544113397598,44499
563,,0.08597399294376373,44549
563,0.053562164306640625,,44555
564,,0.05064428597688675,44599
564,0.047879621386528015,,44634
565,,0.052188970148563385,44649
565,,0.06614118814468384,44699
565,0.047046635299921036,,44713
566,,0.03662576526403427,44749
566,0.045804914087057114,,44792
567,,0.04796498268842697,44799
567,,0.04960662126541138,44849
567,0.04346063360571861,,44871
568,,0.04742136970162392,44899
568,,0.05010395497083664,44949
568,0.04305438697338104,,44950
569,,0.0408112071454525,44999
569,0.0415765643119812,,45029
570,,0.03778945654630661,45049
570,,0.05452525615692139,45099
570,0.041007280349731445,,45108
571,,0.04530057683587074,45149
571,0.038375262171030045,,45187
572,,0.04587782174348831,45199
572,,0.050793301314115524,45249
572,0.038094859570264816,,45266
573,,0.03931235522031784,45299
573,0.039673492312431335,,45345
574,,0.030874377116560936,45349
574,,0.04460231959819794,45399
574,0.038585174828767776,,45424
575,,0.0357820987701416,45449
575,,0.046718351542949677,45499
575,0.03999631479382515,,45503
576,,0.03151771426200867,45549
576,0.03796880319714546,,45582
577,,0.03942539542913437,45599
577,,0.031238988041877747,45649
577,0.0367145873606205,,45661
578,,0.030580244958400726,45699
578,0.036800164729356766,,45740
579,,0.03765036165714264,45749
579,,0.03151189535856247,45799
579,0.03799937292933464,,45819
580,,0.08284111320972443,45849
580,0.07544728368520737,,45898
581,,0.060043077915906906,45899
581,,0.062239810824394226,45949
581,0.06143168359994888,,45977
582,,0.054473038762807846,45999
582,,0.055964913219213486,46049
582,0.05575916916131973,,46056
583,,0.04869920015335083,46099
583,0.051706645637750626,,46135
584,,0.0692376047372818,46149
584,,0.05937303975224495,46199
584,0.05032603442668915,,46214
585,,0.04653586447238922,46249
585,0.04591253399848938,,46293
586,,0.04386310279369354,46299
586,,0.056849319487810135,46349
586,0.04687381908297539,,46372
587,,0.04241946339607239,46399
587,,0.054592713713645935,46449
587,0.044591307640075684,,46451
588,,0.04568958654999733,46499
588,0.04230160638689995,,46530
589,,0.04842907190322876,46549
589,,0.054306115955114365,46599
589,0.042198143899440765,,46609
590,,0.039081014692783356,46649
590,0.04111305996775627,,46688
591,,0.03137262910604477,46699
591,,0.048479922115802765,46749
591,0.039523907005786896,,46767
592,,0.03394468501210213,46799
592,0.03959338366985321,,46846
593,,0.042827121913433075,46849
593,,0.03850960731506348,46899
593,0.041160017251968384,,46925
594,,0.043716542422771454,46949
594,,0.03539714962244034,46999
594,0.04146355018019676,,47004
595,,0.04314761608839035,47049
595,0.039213597774505615,,47083
596,,0.0394241064786911,47099
596,,0.047364361584186554,47149
596,0.03905698284506798,,47162
597,,0.03305414691567421,47199
597,0.03820820152759552,,47241
598,,0.04372360557317734,47249
598,,0.03213047981262207,47299
598,0.03811507299542427,,47320
599,,0.03574595972895622,47349
599,,0.024729561060667038,47399
599,0.03662526234984398,,47399
600,,0.07568724453449249,47449
600,0.0780637338757515,,47478
601,,0.05972559005022049,47499
601,,0.07737011462450027,47549
601,0.06546127796173096,,47557
602,,0.04857824370265007,47599
602,0.05697932094335556,,47636
603,,0.0465058870613575,47649
603,,0.05204164981842041,47699
603,0.05366057902574539,,47715
604,,0.049838557839393616,47749
604,0.04921328276395798,,47794
605,,0.04509180039167404,47799
605,,0.0553862638771534,47849
605,0.04992685094475746,,47873
606,,0.04270327091217041,47899
606,,0.051640864461660385,47949
606,0.04695897921919823,,47952
607,,0.044190414249897,47999
607,0.04656916484236717,,48031
608,,0.03506564348936081,48049
608,,0.04496769607067108,48099
608,0.045186638832092285,,48110
609,,0.03638916462659836,48149
609,0.041986603289842606,,48189
610,,0.05409632995724678,48199
610,,0.044437263160943985,48249
610,0.04363149031996727,,48268
611,,0.03790704905986786,48299
611,0.04039259999990463,,48347
612,,0.04588205739855766,48349
612,,0.032994724810123444,48399
612,0.04158420488238335,,48426
613,,0.05063839256763458,48449
613,,0.04716978967189789,48499
613,0.041344475001096725,,48505
614,,0.04016066715121269,48549
614,0.03859688714146614,,48584
615,,0.03860076144337654,48599
615,,0.04618123173713684,48649
615,0.03793993964791298,,48663
616,,0.03421684727072716,48699
616,0.040111567825078964,,48742
617,,0.03992314264178276,48749
617,,0.04137558862566948,48799
617,0.03901711478829384,,48821
618,,0.03602692112326622,48849
618,,0.056676775217056274,48899
618,0.04040338471531868,,48900
619,,0.035169005393981934,48949
619,0.03790517523884773,,48979
620,,0.06522113084793091,48999
620,,0.07397390156984329,49049
620,0.08098762482404709,,49058
621,,0.05662117898464203,49099
621,0.06276863068342209,,49137
622,,0.046124882996082306,49149
622,,0.05011444538831711,49199
622,0.055694837123155594,,49216
623,,0.06280137598514557,49249
623,0.05181245133280754,,49295
624,,0.043577492237091064,49299
624,,0.04697604104876518,49349
624,0.048543915152549744,,49374
625,,0.05701379477977753,49399
625,,0.05792241543531418,49449
625,0.04991694167256355,,49453
626,,0.05819898843765259,49499
626,0.046535372734069824,,49532
627,,0.03798975422978401,49549
627,,0.04829924926161766,49599
627,0.04442542791366577,,49611
628,,0.05641904100775719,49649
628,0.04480656608939171,,49690
629,,0.058434758335351944,49699
629,,0.04090959578752518,49749
629,0.04607748985290527,,49769
630,,0.03372202813625336,49799
630,0.04148446023464203,,49848
631,,0.03198876976966858,49849
631,,0.037166401743888855,49899
631,0.04126010835170746,,49927
632,,0.039879702031612396,49949
632,,0.05368358641862869,49999
632,0.03997202217578888,,50006
633,,0.05285227298736572,50049
633,0.039654359221458435,,50085
634,,0.03828171268105507,50099
634,,0.0403468944132328,50149
634,0.0391632542014122,,50164
635,,0.052819542586803436,50199
635,0.04023564234375954,,50243
636,,0.04600106552243233,50249
636,,0.04016749560832977,50299
636,0.04046891629695892,,50322
637,,0.04138936847448349,50349
637,,0.03149932995438576,50399
637,0.038709856569767,,50401
638,,0.03839968517422676,50449
638,0.0370425246655941,,50480
639,,0.035553768277168274,50499
639,,0.03455208241939545,50549
639,0.03676202520728111,,50559
640,,0.06302470713853836,50599
640,0.07599326223134995,,50638
641,,0.08471153676509857,50649
641,,0.054379627108573914,50699
641,0.060685351490974426,,50717
642,,0.0633789673447609,50749
642,0.05552217364311218,,50796
643,,0.044419065117836,50799
643,,0.0733066275715828,50849
643,0.051192961633205414,,50875
644,,0.035539932548999786,50899
644,,0.042217791080474854,50949
644,0.04923012852668762,,50954
645,,0.04209725558757782,50999
645,0.05252162367105484,,51033
646,,0.04552852362394333,51049
646,,0.06300385296344757,51099
646,0.04841756448149681,,51112
647,,0.0448785237967968,51149
647,0.04682654142379761,,51191
648,,0.03887590765953064,51199
648,,0.05162502080202103,51249
648,0.04162735864520073,,51270
649,,0.03779609501361847,51299
649,,0.03889404982328415,51349
649,0.04389532655477524,,51349
650,,0.053543031215667725,51399
650,0.04312397912144661,,51428
651,,0.0632132962346077,51449
651,,0.04704071208834648,51499
651,0.045704424381256104,,51507
652,,0.04519305378198624,51549
652,0.04209034889936447,,51586
653,,0.0317249596118927,51599
653,,0.03411690145730972,51649
653,0.03943702206015587,,51665
654,,0.03835989907383919,51699
654,0.03846675530076027,,51744
655,,0.036492474377155304,51749
655,,0.03681865334510803,51799
655,0.03970254957675934,,51823
656,,0.038064830005168915,51849
656,,0.045196548104286194,51899
656,0.03872266784310341,,51902
657,,0.03580990433692932,51949
657,0.03829473629593849,,51981
658,,0.031725525856018066,51999
658,,0.04561230167746544,52049
658,0.036917317658662796,,52060
659,,0.03815300762653351,52099
659,0.03755812719464302,,52139
660,,0.07280345261096954,52149
660,,0.06811541318893433,52199
660,0.07687821984291077,,52218
661,,0.06042776256799698,52249
661,0.06339613348245621,,52297
662,,0.04802248626947403,52299
662,,0.057088688015937805,52349
662,0.057962287217378616,,52376
663,,0.04692136496305466,52399
663,,0.047022074460983276,52449
663,0.05391497164964676,,52455
664,,0.04700729250907898,52499
664,0.0507129468023777,,52534
665,,0.04473104327917099,52549
665,,0.05799323320388794,52599
665,0.04942133650183678,,52613
666,,0.04836326092481613,52649
666,0.04960450157523155,,52692
667,,0.055946480482816696,52699
667,,0.04165058210492134,52749
667,0.04759496450424194,,52771
668,,0.04147012531757355,52799
668,,0.043005526065826416,52849
668,0.045099686831235886,,52850
669,,0.04050489887595177,52899
669,0.04434162378311157,,52929
670,,0.03626840189099312,52949
670,,0.04872673749923706,52999
670,0.04348182678222656,,53008
671,,0.04917379468679428,53049
671,0.042039792984724045,,53087
672,,0.030317110940814018,53099
672,,0.04842754453420639,53149
672,0.040081098675727844,,53166
673,,0.03907249867916107,53199
673,0.03924752026796341,,53245
674,,0.036764707416296005,53249
674,,0.05082301050424576,53299
674,0.041044969111680984,,53324
675,,0.03853169083595276,53349
675,,0.05305758863687515,53399
675,0.04223708063364029,,53403
676,,0.04389825835824013,53449
676,0.04001434147357941,,53482
677,,0.03844604641199112,53499
677,,0.04363228380680084,53549
677,0.038240961730480194,,53561
678,,0.03535149246454239,53599
678,0.04111512005329132,,53640
679,,0.049900710582733154,53649
679,,0.049512263387441635,53699
679,0.040207721292972565,,53719
680,,0.06320202350616455,53749
680,0.08412374556064606,,53798
681,,0.06305322051048279,53799
681,,0.043520182371139526,53849
681,0.07201952487230301,,53877
682,,0.0545639768242836,53899
682,,0.05078054964542389,53949
682,0.05755431950092316,,53956
683,,0.03933824971318245,53999
683,0.058862682431936264,,54035
684,,0.046291276812553406,54049
684,,0.055972903966903687,54099
684,0.054380763322114944,,54114
685,,0.0520390123128891,54149
685,0.052153654396533966,,54193
686,,0.04557814076542854,54199
686,,0.05282074958086014,54249
686,0.04831831157207489,,54272
687,,0.043624069541692734,54299
687,,0.04819478839635849,54349
687,0.04743649438023567,,54351
688,,0.044357456266880035,54399
688,0.04684923216700554,,54430
689,,0.041585784405469894,54449
689,,0.04154656454920769,54499
689,0.043989282101392746,,54509
690,,0.04510015249252319,54549
690,0.04403744637966156,,54588
691,,0.0529153011739254,54599
691,,0.048236995935440063,54649
691,0.044231731444597244,,54667
692,,0.04740375280380249,54699
692,0.04478218033909798,,54746
693,,0.039818186312913895,54749
693,,0.0370156392455101,54799
693,0.04169363155961037,,54825
694,,0.038826435804367065,54849
694,,0.04868941754102707,54899
694,0.04237605258822441,,54904
695,,0.03986231982707977,54949
695,0.04012502729892731,,54983
696,,0.06004978343844414,54999
696,,0.0412578359246254,55049
696,0.04412347078323364,,55062
697,,0.04672832787036896,55099
697,0.04112411290407181,,55141
698,,0.043982669711112976,55149
698,,0.04698513448238373,55199
698,0.040094807744026184,,55220
699,,0.03807555511593819,55249
699,,0.054640211164951324,55299
699,0.039486248046159744,,55299
700,,0.10046643763780594,55349
700,0.08949612081050873,,55378
701,,0.06557668000459671,55399
701,,0.07061070203781128,55449
701,0.06898944824934006,,55457
702,,0.05726989358663559,55499
702,0.05944759398698807,,55536
703,,0.05628758296370506,55549
703,,0.04268857091665268,55599
703,0.05509290099143982,,55615
704,,0.04583218693733215,55649
704,0.05215539410710335,,55694
705,,0.04675041884183884,55699
705,,0.059183232486248016,55749
705,0.04945721849799156,,55773
706,,0.05316345393657684,55799
706,,0.047317951917648315,55849
706,0.050592176616191864,,55852
707,,0.054911769926548004,55899
707,0.04945703223347664,,55931
708,,0.039778172969818115,55949
708,,0.05050911381840706,55999
708,0.046112675219774246,,56010
709,,0.049540214240550995,56049
709,0.04529139772057533,,56089
710,,0.04879859834909439,56099
710,,0.051317550241947174,56149
710,0.04569888487458229,,56168
711,,0.04123234748840332,56199
711,0.044764112681150436,,56247
712,,0.041488729417324066,56249
712,,0.03838648647069931,56299
712,0.044336359947919846,,56326
713,,0.047464847564697266,56349
713,,0.04914533346891403,56399
713,0.04361378774046898,,56405
714,,0.04520731419324875,56449
714,0.041970402002334595,,56484
715,,0.05619009584188461,56499
715,,0.04705147445201874,56549
715,0.04402587562799454,,56563
716,,0.03823988884687424,56599
716,0.04201440513134003,,56642
717,,0.04833907261490822,56649
717,,0.04550909250974655,56699
717,0.04279409348964691,,56721
718,,0.046071670949459076,56749
718,,0.04342827945947647,56799
718,0.04274006187915802,,56800
719,,0.05266915261745453,56849
719,0.03940480574965477,,56879
720,,0.05997481197118759,56899
720,,0.06699616461992264,56949
720,0.08108731359243393,,56958
721,,0.06310376524925232,56999
721,0.06627567857503891,,57037
722,,0.0656382292509079,57049
722,,0.07215443253517151,57099
722,0.057048626244068146,,57116
723,,0.058271195739507675,57149
723,0.05637034773826599,,57195
724,,0.05608915910124779,57199
724,,0.049380622804164886,57249
724,0.051558442413806915,,57274
725,,0.06017563119530678,57299
725,,0.05107630044221878,57349
725,0.048744939267635345,,57353
726,,0.062125734984874725,57399
726,0.04717347398400307,,57432
727,,0.04926036298274994,57449
727,,0.041312478482723236,57499
727,0.04895392060279846,,57511
728,,0.05556074157357216,57549
728,0.0450860932469368,,57590
729,,0.03555406630039215,57599
729,,0.05150790140032768,57649
729,0.04621832072734833,,57669
730,,0.04463221877813339,57699
730,0.044016316533088684,,57748
731,,0.04121903330087662,57749
731,,0.04591642692685127,57799
731,0.04362502321600914,,57827
732,,0.04645396023988724,57849
732,,0.038146454840898514,57899
732,0.04329189658164978,,57906
733,,0.035603590309619904,57949
733,0.042839065194129944,,57985
734,,0.04635433107614517,57999
734,,0.033637791872024536,58049
734,0.042434077709913254,,58064
735,,0.04599612578749657,58099
735,0.04174428433179855,,58143
736,,0.04562753438949585,58149
736,,0.05067054182291031,58199
736,0.04013151675462723,,58222
737,,0.031459443271160126,58249
737,,0.039390929043293,58299
737,0.03943377733230591,,58301
738,,0.03951852768659592,58349
738,0.039672452956438065,,58380
739,,0.0428859107196331,58399
739,,0.04300416260957718,58449
739,0.03752157464623451,,58459
740,,0.08067527413368225,58499
740,0.0815156102180481,,58538
741,,0.05308370292186737,58549
741,,0.07767485082149506,58599
741,0.06118494272232056,,58617
742,,0.06830435246229172,58649
742,0.056417737156152725,,58696
743,,0.04544443637132645,58699
743,,0.041542116552591324,58749
743,0.05332886427640915,,58775
744,,0.06153512001037598,58799
744,,0.060532644391059875,58849
744,0.05016866326332092,,58854
745,,0.05210620164871216,58899
745,0.05194117873907089,,58933
746,,0.04329467564821243,58949
746,,0.053981851786375046,58999
746,0.04582624137401581,,59012
747,,0.04437601566314697,59049
747,0.04807635396718979,,59091
748,,0.05117540806531906,59099
748,,0.035222623497247696,59149
748,0.04522782936692238,,59170
749,,0.042176418006420135,59199
749,,0.05086863040924072,59249
749,0.04174181818962097,,59249
750,,0.040173642337322235,59299
750,0.043396852910518646,,59328
751,,0.034577131271362305,59349
751,,0.039200931787490845,59399
751,0.04073510318994522,,59407
752,,0.05026886984705925,59449
752,0.04225168377161026,,59486
753,,0.03692498058080673,59499
753,,0.036023057997226715,59549
753,0.040726106613874435,,59565
754,,0.037719860672950745,59599
754,0.0412740521132946,,59644
755,,0.034978173673152924,59649
755,,0.029167789965867996,59699
755,0.03853697329759598,,59723
756,,0.033606018871068954,59749
756,,0.04652196168899536,59799
756,0.039790719747543335,,59802
757,,0.03434301167726517,59849
757,0.04193304851651192,,59881
758,,0.04704717546701431,59899
758,,0.035877056419849396,59949
758,0.039803117513656616,,59960
759,,0.032355234026908875,59999
759,0.03871624916791916,,60039
760,,0.06700843572616577,60049
760,,0.06477715075016022,60099
760,0.0794105976819992,,60118
761,,0.047241732478141785,60149
761,0.06752586364746094,,60197
762,,0.04448835179209709,60199
762,,0.06874101608991623,60249
762,0.05444260686635971,,60276
763,,0.045670535415410995,60299
763,,0.049746401607990265,60349
763,0.054313648492097855,,60355
764,,0.04911566153168678,60399
764,0.050785183906555176,,60434
765,,0.05799918621778488,60449
765,,0.05223645269870758,60499
765,0.049340348690748215,,60513
766,,0.045465849339962006,60549
766,0.05033547058701515,,60592
767,,0.04798533767461777,60599
767,,0.04596004635095596,60649
767,0.04830283299088478,,60671
768,,0.04897258058190346,60699
768,,0.04982385039329529,60749
768,0.043679263442754745,,60750
769,,0.04576197639107704,60799
769,0.04381118714809418,,60829
770,,0.033888205885887146,60849
770,,0.052986420691013336,60899
770,0.04329739511013031,,60908
771,,0.039987027645111084,60949
771,0.04303383827209473,,60987
772,,0.03359144181013107,60999
772,,0.03911856189370155,61049
772,0.04081351310014725,,61066
773,,0.04537006467580795,61099
773,0.04004329442977905,,61145
774,,0.04514544457197189,61149
774,,0.04066506773233414,61199
774,0.04634608328342438,,61224
775,,0.04424329847097397,61249
775,,0.048725783824920654,61299
775,0.04342021048069,,61303
776,,0.04273436963558197,61349
776,0.03928287699818611,,61382
777,,0.04939061775803566,61399
777,,0.04773128777742386,61449
777,0.039937011897563934,,61461
778,,0.03538406267762184,61499
778,0.04025605320930481,,61540
779,,0.04823307693004608,61549
779,,0.05132147669792175,61599
779,0.042187511920928955,,61619
780,,0.09212921559810638,61649
780,0.08956801891326904,,61698
781,,0.07800449430942535,61699
781,,0.07001928985118866,61749
781,0.07034865766763687,,61777
782,,0.047144822776317596,61799
782,,0.04797275736927986,61849
782,0.06037185713648796,,61856
783,,0.048228997737169266,61899
783,0.056033991277217865,,61935
784,,0.06333323568105698,61949
784,,0.07009242475032806,61999
784,0.06104116886854172,,62014
785,,0.049227066338062286,62049
785,0.05163322761654854,,62093
786,,0.05012659728527069,62099
786,,0.040330372750759125,62149
786,0.04907068610191345,,62172
787,,0.03319091349840164,62199
787,,0.06086708605289459,62249
787,0.04882350191473961,,62251
788,,0.04096616804599762,62299
788,0.04594172537326813,,62330
789,,0.04441165179014206,62349
789,,0.030895836651325226,62399
789,0.04542393237352371,,62409
790,,0.03138662874698639,62449
790,0.04360019788146019,,62488
791,,0.07064799964427948,62499
791,,0.047053948044776917,62549
791,0.04991738125681877,,62567
792,,0.0408603772521019,62599
792,0.04384792968630791,,62646
793,,0.037833668291568756,62649
793,,0.03997398912906647,62699
793,0.04285259544849396,,62725
794,,0.047799915075302124,62749
794,,0.065546415746212,62799
794,0.0420493558049202,,62804
795,,0.041466329246759415,62849
795,0.04095754772424698,,62883
796,,0.04783371463418007,62899
796,,0.045066870748996735,62949
796,0.04045704007148743,,62962
797,,0.027328580617904663,62999
797,0.04099075496196747,,63041
798,,0.05358128249645233,63049
798,,0.05220606178045273,63099
798,0.04236003756523132,,63120
799,,0.03855399787425995,63149
799,,0.031081024557352066,63199
799,0.03923937305808067,,63199
800,,0.08906781673431396,63249
800,0.08483853936195374,,63278
801,,0.07363104820251465,63299
801,,0.08805929869413376,63349
801,0.06814305484294891,,63357
802,,0.062242813408374786,63399
802,0.05984724685549736,,63436
803,,0.05107735097408295,63449
803,,0.05059526860713959,63499
803,0.05575597658753395,,63515
804,,0.05199199914932251,63549
804,0.05359836295247078,,63594
805,,0.04118972271680832,63599
805,,0.05685747414827347,63649
805,0.049909111112356186,,63673
806,,0.047502584755420685,63699
806,,0.05084070563316345,63749
806,0.051329150795936584,,63752
807,,0.03861280158162117,63799
807,0.045977313071489334,,63831
808,,0.04583370313048363,63849
808,,0.055011358112096786,63899
808,0.0466204397380352,,63910
809,,0.04272041469812393,63949
809,0.047957368195056915,,63989
810,,0.0659954622387886,63999
810,,0.049038633704185486,64049
810,0.04843420162796974,,64068
811,,0.052476488053798676,64099
811,0.04716525971889496,,64147
812,,0.04553821310400963,64149
812,,0.045631036162376404,64199
812,0.044718462973833084,,64226
813,,0.03976608067750931,64249
813,,0.04591990262269974,64299
813,0.042777784168720245,,64305
814,,0.053267333656549454,64349
814,0.0440388061106205,,64384
815,,0.04702603071928024,64399
815,,0.05340370535850525,64449
815,0.04594619944691658,,64463
816,,0.04757709056138992,64499
816,0.041918788105249405,,64542
817,,0.04508952051401138,64549
817,,0.044738806784152985,64599
817,0.042302455753088,,64621
818,,0.03435397893190384,64649
818,,0.05080098658800125,64699
818,0.04225453734397888,,64700
819,,0.04436245560646057,64749
819,0.04095577821135521,,64779
820,,0.10293097794055939,64799
820,,0.10442708432674408,64849
820,0.08135923743247986,,64858
821,,0.05355445295572281,64899
821,0.06717869639396667,,64937
822,,0.06086346134543419,64949
822,,0.060515016317367554,64999
822,0.05770973488688469,,65016
823,,0.05880280211567879,65049
823,0.05560383200645447,,65095
824,,0.06077573448419571,65099
824,,0.05421864241361618,65149
824,0.05330997332930565,,65174
825,,0.05041142553091049,65199
825,,0.06265538185834885,65249
825,0.05301804840564728,,65253
826,,0.052132852375507355,65299
826,0.0517127551138401,,65332
827,,0.048655495047569275,65349
827,,0.05771896243095398,65399
827,0.04848535731434822,,65411
828,,0.04606041684746742,65449
828,0.04700770229101181,,65490
829,,0.046344857662916183,65499
829,,0.053449325263500214,65549
829,0.046407707035541534,,65569
830,,0.03645332157611847,65599
830,0.04516134783625603,,65648
831,,0.04706428572535515,65649
831,,0.039622947573661804,65699
831,0.045057617127895355,,65727
832,,0.04127049446105957,65749
832,,0.04973745346069336,65799
832,0.043611880391836166,,65806
833,,0.047341544181108475,65849
833,0.04486355558037758,,65885
834,,0.041644372045993805,65899
834,,0.04331408441066742,65949
834,0.042952198535203934,,65964
835,,0.024579573422670364,65999
835,0.04175625741481781,,66043
836,,0.04371839389204979,66049
836,,0.03736754506826401,66099
836,0.041516128927469254,,66122
837,,0.03839872032403946,66149
837,,0.037709105759859085,66199
837,0.04244144633412361,,66201
838,,0.0538194477558136,66249
838,0.04072071611881256,,66280
839,,0.04824464023113251,66299
839,,0.04391701892018318,66349
839,0.04118674620985985,,66359
840,,0.09888669848442078,66399
840,0.08391427248716354,,66438
841,,0.06266175955533981,66449
841,,0.07849472761154175,66499
841,0.06655910611152649,,66517
842,,0.060017481446266174,66549
842,0.057988572865724564,,66596
843,,0.06780596822500229,66599
843,,0.052481941878795624,66649
843,0.05687282606959343,,66675
844,,0.044641606509685516,66699
844,,0.05856781452894211,66749
844,0.05270477384328842,,66754
845,,0.05363107845187187,66799
845,0.04957519844174385,,66833
846,,0.06274285912513733,66849
846,,0.04801338538527489,66899
846,0.05089337378740311,,66912
847,,0.03897954151034355,66949
847,0.04756949841976166,,66991
848,,0.04084883630275726,66999
848,,0.0472598522901535,67049
848,0.04845752194523811,,67070
849,,0.03776072710752487,67099
849,,0.025274286046624184,67149
849,0.04518124461174011,,67149
850,,0.038257211446762085,67199
850,0.04480752721428871,,67228
851,,0.03601761907339096,67249
851,,0.0495111458003521,67299
851,0.04362284392118454,,67307
852,,0.042688146233558655,67349
852,0.04299020394682884,,67386
853,,0.04905714839696884,67399
853,,0.04851377755403519,67449
853,0.04424137622117996,,67465
854,,0.04498303681612015,67499
854,0.04335050657391548,,67544
855,,0.05329867824912071,67549
855,,0.04596271365880966,67599
855,0.043302733451128006,,67623
856,,0.042891114950180054,67649
856,,0.04197674244642258,67699
856,0.040760308504104614,,67702
857,,0.036520816385746,67749
857,0.041277654469013214,,67781
858,,0.047394029796123505,67799
858,,0.05685953050851822,67849
858,0.04439498111605644,,67860
859,,0.05174796283245087,67899
859,0.04320600628852844,,67939
860,,0.09669153392314911,67949
860,,0.07523427903652191,67999
860,0.08390635997056961,,68018
861,,0.06448207050561905,68049
861,0.06864334642887115,,68097
862,,0.06641405075788498,68099
862,,0.06595061719417572,68149
862,0.05945160984992981,,68176
863,,0.05288730189204216,68199
863,,0.04762617498636246,68249
863,0.05600227043032646,,68255
864,,0.05876227468252182,68299
864,0.051589928567409515,,68334
865,,0.05113379657268524,68349
865,,0.051890067756175995,68399
865,0.05053854361176491,,68413
866,,0.04979131370782852,68449
866,0.0523744560778141,,68492
867,,0.04204711690545082,68499
867,,0.04826167970895767,68549
867,0.04946145787835121,,68571
868,,0.04400026053190231,68599
868,,0.05510113388299942,68649
868,0.048119932413101196,,68650
869,,0.037332095205783844,68699
869,0.046021394431591034,,68729
870,,0.03968231379985809,68749
870,,0.051613956689834595,68799
870,0.047522056847810745,,68808
871,,0.042469948530197144,68849
871,0.046327926218509674,,68887
872,,0.03811810165643692,68899
872,,0.03947834670543671,68949
872,0.04407905414700508,,68966
873,,0.04588736966252327,68999
873,0.04423331469297409,,69045
874,,0.03820067644119263,69049
874,,0.04155559092760086,69099
874,0.04352445900440216,,69124
875,,0.043624669313430786,69149
875,,0.06016764044761658,69199
875,0.043131694197654724,,69203
876,,0.047512974590063095,69249
876,0.041794948279857635,,69282
877,,0.04946856200695038,69299
877,,0.04268541559576988,69349
877,0.04302030801773071,,69361
878,,0.045386455953121185,69399
878,0.0386667400598526,,69440
879,,0.042632076889276505,69449
879,,0.03716142475605011,69499
879,0.04081229493021965,,69519
880,,0.08142606168985367,69549
880,0.08149436116218567,,69598
881,,0.05689872056245804,69599
881,,0.05249609798192978,69649
881,0.06437322497367859,,69677
882,,0.0526111014187336,69699
882,,0.0652511864900589,69749
882,0.060292549431324005,,69756
883,,0.05003099516034126,69799
883,0.05395211651921272,,69835
884,,0.05635973438620567,69849
884,,0.04734698310494423,69899
884,0.04991107061505318,,69914
885,,0.05004681646823883,69949
885,0.05189506709575653,,69993
886,,0.046065978705883026,69999
886,,0.041815489530563354,70049
886,0.047306593507528305,,70072
887,,0.046001262962818146,70099
887,,0.045338280498981476,70149
887,0.043201692402362823,,70151
888,,0.04895656555891037,70199
888,0.04789694398641586,,70230
889,,0.05092728137969971,70249
889,,0.05196360498666763,70299
889,0.04574790224432945,,70309
890,,0.03518044948577881,70349
890,0.04417983815073967,,70388
891,,0.0490848608314991,70399
891,,0.04670588672161102,70449
891,0.04484415426850319,,70467
892,,0.05043797194957733,70499
892,0.04275570809841156,,70546
893,,0.04226119816303253,70549
893,,0.04203673452138901,70599
893,0.04053289443254471,,70625
894,,0.03296571224927902,70649
894,,0.04144483059644699,70699
894,0.04105239361524582,,70704
895,,0.04121013730764389,70749
895,0.040386613458395004,,70783
896,,0.033788926899433136,70799
896,,0.04868098348379135,70849
896,0.042039863765239716,,70862
897,,0.04677404835820198,70899
897,0.04214751720428467,,70941
898,,0.03777460381388664,70949
898,,0.04051652550697327,70999
898,0.040283169597387314,,71020
899,,0.04107353836297989,71049
899,,0.044409867376089096,71099
899,0.03962603211402893,,71099
900,,0.08683820068836212,71149
900,0.0826856791973114,,71178
901,,0.0600140206515789,71199
901,,0.07725434750318527,71249
901,0.06382013857364655,,71257
902,,0.07912369072437286,71299
902,0.05857520177960396,,71336
903,,0.05280791223049164,71349
903,,0.04917387664318085,71399
903,0.05635698884725571,,71415
904,,0.059353191405534744,71449
904,0.05500532686710358,,71494
905,,0.06220801919698715,71499
905,,0.05475218966603279,71549
905,0.05328678712248802,,71573
906,,0.04488113150000572,71599
906,,0.060558900237083435,71649
906,0.05060753598809242,,71652
907,,0.04747379943728447,71699
907,0.049156930297613144,,71731
908,,0.049739040434360504,71749
908,,0.03921923786401749,71799
908,0.04554886743426323,,71810
909,,0.04093842953443527,71849
909,0.043788835406303406,,71889
910,,0.042891692370176315,71899
910,,0.05026021599769592,71949
910,0.04423479735851288,,71968
911,,0.03328503295779228,71999
911,0.04325253143906593,,72047
912,,0.03307327628135681,72049
912,,0.050447143614292145,72099
912,0.04495524615049362,,72126
913,,0.037925004959106445,72149
913,,0.039410948753356934,72199
913,0.04344654828310013,,72205
914,,0.03370607644319534,72249
914,0.04307999089360237,,72284
915,,0.04517426714301109,72299
915,,0.03842233866453171,72349
915,0.04236220568418503,,72363
916,,0.03775923699140549,72399
916,0.04223500192165375,,72442
917,,0.04328356310725212,72449
917,,0.03699083253741264,72499
917,0.0452176108956337,,72521
918,,0.049218662083148956,72549
918,,0.04001154005527496,72599
918,0.04277607426047325,,72600
919,,0.04213126003742218,72649
919,0.04082449898123741,,72679
920,,0.06025143340229988,72699
920,,0.09310875833034515,72749
920,0.07875305414199829,,72758
921,,0.0783015638589859,72799
921,0.06632691621780396,,72837
922,,0.06556957215070724,72849
922,,0.05629599094390869,72899
922,0.05920329689979553,,72916
923,,0.04909767210483551,72949
923,0.05542764812707901,,72995
924,,0.04749276861548424,72999
924,,0.05001256614923477,73049
924,0.05203325301408768,,73074
925,,0.046965643763542175,73099
925,,0.057943135499954224,73149
925,0.04789450019598007,,73153
926,,0.05625374615192413,73199
926,0.04840103164315224,,73232
927,,0.04790589585900307,73249
927,,0.05554850399494171,73299
927,0.048954471945762634,,73311
928,,0.05312428995966911,73349
928,0.04887159913778305,,73390
929,,0.03360949456691742,73399
929,,0.03944036364555359,73449
929,0.044342491775751114,,73469
930,,0.0461774617433548,73499
930,0.050454821437597275,,73548
931,,0.03845088556408882,73549
931,,0.03907402604818344,73599
931,0.044179223477840424,,73627
932,,0.044257860630750656,73649
932,,0.044221825897693634,73699
932,0.04414185509085655,,73706
933,,0.03971364349126816,73749
933,0.04102889448404312,,73785
934,,0.04376806318759918,73799
934,,0.04710622504353523,73849
934,0.04399169236421585,,73864
935,,0.04771494120359421,73899
935,0.04170213267207146,,73943
936,,0.036735519766807556,73949
936,,0.03808173909783363,73999
936,0.04093455523252487,,74022
937,,0.044923052191734314,74049
937,,0.037895768880844116,74099
937,0.04026881605386734,,74101
938,,0.046153828501701355,74149
938,0.04327492043375969,,74180
939,,0.05910585820674896,74199
939,,0.05055607110261917,74249
939,0.041590139269828796,,74259
940,,0.08632177114486694,74299
940,0.07760854810476303,,74338
941,,0.05838104709982872,74349
941,,0.05473221465945244,74399
941,0.07067278772592545,,74417
942,,0.053641874343156815,74449
942,0.05881386250257492,,74496
943,,0.04428591579198837,74499
943,,0.05705641955137253,74549
943,0.0522778145968914,,74575
944,,0.04779162257909775,74599
944,,0.05893499404191971,74649
944,0.05020926520228386,,74654
945,,0.03792699798941612,74699
945,0.04977019503712654,,74733
946,,0.044495970010757446,74749
946,,0.06061875820159912,74799
946,0.049287229776382446,,74812
947,,0.044847141951322556,74849
947,0.049725767225027084,,74891
948,,0.04876094311475754,74899
948,,0.0396726131439209,74949
948,0.049569688737392426,,74970
949,,0.03224768489599228,74999
949,,0.035874783992767334,75049
949,0.044924043118953705,,75049
950,,0.0359073132276535,75099
950,0.04392146319150925,,75128
951,,0.04919629916548729,75149
951,,0.04922710359096527,75199
951,0.04671603441238403,,75207
952,,0.04052568972110748,75249
952,0.04466632753610611,,75286
953,,0.04984322562813759,75299
953,,0.05091401934623718,75349
953,0.045525383204221725,,75365
954,,0.04691631719470024,75399
954,0.04321058467030525,,75444
955,,0.040543220937252045,75449
955,,0.04193055257201195,75499
955,0.04344617947936058,,75523
956,,0.06368954479694366,75549
956,,0.050928451120853424,75599
956,0.04448528215289116,,75602
957,,0.03376108407974243,75649
957,0.042828187346458435,,75681
958,,0.04474849998950958,75699
958,,0.04490673169493675,75749
958,0.043042488396167755,,75760
959,,0.03940974920988083,75799
959,0.040724121034145355,,75839
960,,0.09414967894554138,75849
960,,0.06569105386734009,75899
960,0.07955407351255417,,75918
961,,0.055523261427879333,75949
961,0.06528805196285248,,75997
962,,0.04564782977104187,75999
962,,0.05581636354327202,76049
962,0.058649975806474686,,76076
963,,0.05648292228579521,76099
963,,0.07688338309526443,76149
963,0.05649227276444435,,76155
964,,0.047854822129011154,76199
964,0.05215589702129364,,76234
965,,0.05702747032046318,76249
965,,0.05937249958515167,76299
965,0.054623186588287354,,76313
966,,0.04880837723612785,76349
966,0.05029520019888878,,76392
967,,0.05661625415086746,76399
967,,0.043824486434459686,76449
967,0.04993531107902527,,76471
968,,0.0394325777888298,76499
968,,0.048837631940841675,76549
968,0.04576418548822403,,76550
969,,0.04697519540786743,76599
969,0.04563252255320549,,76629
970,,0.03816527873277664,76649
970,,0.04353603720664978,76699
970,0.04543192312121391,,76708
971,,0.03913924843072891,76749
971,0.04456816613674164,,76787
972,,0.043900974094867706,76799
972,,0.04439545050263405,76849
972,0.044721540063619614,,76866
973,,0.04019758105278015,76899
973,0.042653195559978485,,76945
974,,0.03860333561897278,76949
974,,0.033327553421258926,76999
974,0.04318604618310928,,77024
975,,0.03909384459257126,77049
975,,0.05030462518334389,77099
975,0.040795356035232544,,77103
976,,0.038784753531217575,77149
976,0.042730912566185,,77182
977,,0.04871589317917824,77199
977,,0.04347166419029236,77249
977,0.0424991212785244,,77261
978,,0.047507815062999725,77299
978,0.04038364067673683,,77340
979,,0.03782598674297333,77349
979,,0.046049993485212326,77399
979,0.039114221930503845,,77419
980,,0.09372258186340332,77449
980,0.07804058492183685,,77498
981,,0.07399890571832657,77499
981,,0.07251128554344177,77549
981,0.06575842201709747,,77577
982,,0.04700016602873802,77599
982,,0.076167993247509,77649
982,0.059010572731494904,,77656
983,,0.062382593750953674,77699
983,0.05576080456376076,,77735
984,,0.0617707259953022,77749
984,,0.05058877915143967,77799
984,0.053768232464790344,,77814
985,,0.056011706590652466,77849
985,0.05067216977477074,,77893
986,,0.05287719517946243,77899
986,,0.04505867138504982,77949
986,0.048867031931877136,,77972
987,,0.04175302013754845,77999
987,,0.04960492253303528,78049
987,0.047841865569353104,,78051
988,,0.041838258504867554,78099
988,0.0466197244822979,,78130
989,,0.032357148826122284,78149
989,,0.037464533001184464,78199
989,0.04469291865825653,,78209
990,,0.036489035934209824,78249
990,0.0454513356089592,,78288
991,,0.04332085698843002,78299
991,,0.03843452408909798,78349
991,0.04192151501774788,,78367
992,,0.0419401079416275,78399
992,0.04235054552555084,,78446
993,,0.03690341114997864,78449
993,,0.049873266369104385,78499
993,0.04492545872926712,,78525
994,,0.048286356031894684,78549
994,,0.06546365469694138,78599
994,0.04265284910798073,,78604
995,,0.038475893437862396,78649
995,0.04339155554771423,,78683
996,,0.04734695702791214,78699
996,,0.046461306512355804,78749
996,0.04269997030496597,,78762
997,,0.05420887470245361,78799
997,0.04195502772927284,,78841
998,,0.04598994925618172,78849
998,,0.049068816006183624,78899
998,0.04446326941251755,,78920
999,,0.03088308498263359,78949
999,,0.06870399415493011,78999
999,0.04319097474217415,,78999
